{"log_evidence": -47.673966212034664, "total_samples": 29937, "unconverged_sample_size": 1, "time": "96.2194676399231", "number_live_points": 200}