{"log_evidence": -236.78667895114825, "total_samples": 51323, "unconverged_sample_size": 1, "time": "571424.1440854073", "number_live_points": 200}