{"log_evidence": -283.98190073827016, "total_samples": 65023, "unconverged_sample_size": 1, "time": "299.94552087783813", "number_live_points": 200}