{"log_evidence": -49.98472594379008, "total_samples": 21514, "unconverged_sample_size": 1, "time": "499.65285086631775", "number_live_points": 200}