{"log_evidence": -61.57267318616381, "total_samples": 20191, "unconverged_sample_size": 1, "time": "386.13783955574036", "number_live_points": 200}