{"log_evidence": -61.65762122463162, "total_samples": 20183, "unconverged_sample_size": 1, "time": "389.44174671173096", "number_live_points": 200}