{"log_evidence": -48.36911504317921, "total_samples": 26694, "unconverged_sample_size": 1, "time": "77.05150485038757", "number_live_points": 200}