{"log_evidence": -293.2376775767086, "total_samples": 103958, "unconverged_sample_size": 1, "time": "711.0946955680847", "number_live_points": 200}