{"log_evidence": -48.71445292284343, "total_samples": 26751, "unconverged_sample_size": 1, "time": "614.0862090587616", "number_live_points": 200}