{"log_evidence": -56.82312638109282, "total_samples": 45843, "unconverged_sample_size": 1, "time": "661.6352529525757", "number_live_points": 200}