{"log_evidence": -56.063858077423966, "total_samples": 35527, "unconverged_sample_size": 1, "time": "100.77784395217896", "number_live_points": 200}