{"log_evidence": -45.73629506930326, "total_samples": 30791, "unconverged_sample_size": 1, "time": "103.45566296577454", "number_live_points": 200}