{"log_evidence": -43.50987374219751, "total_samples": 35175, "unconverged_sample_size": 1, "time": "105.27101755142212", "number_live_points": 200}